ID,comid,main,hydroseq,outlet_comid,gages
3121,1737140,4158,150002434,1737140,
3120,1737118,4158,150002436,1737118,
3120,1737106,4158,150002438,1737118,
3119,1737082,4158,150002440,1737082,
3119,1737050,4158,150002442,1737082,
3119,1737044,4158,150002444,1737082,
3117,1737032,4158,150002446,1737032,
3117,1737022,4158,150002448,1737032,
3117,1737018,4158,150002451,1737032,
3117,1737004,4158,150002454,1737032,
3117,1737000,4158,150002457,1737032,
3116,1736996,4158,150002461,1736996,
3116,1736986,4158,150002464,1736996,
3115,1736956,4158,150002467,1736956,
3115,1736934,4158,150002470,1736956,
3114,1736904,4158,150002473,1736904,
3113,1736894,4158,150002476,1736894,
3112,1736884,4158,150002479,1736884,
3112,1736876,4158,150002482,1736884,
3112,1736868,4158,150002485,1736884,
3111,1736862,4158,150002488,1736862,
3111,1736860,4158,150002491,1736862,
3110,1736840,4158,150002494,1736840,
3110,1736834,4158,150002497,1736840,
4078,1736830,5602,150002500,1736830,
4078,1736826,5602,150002503,1736830,
4078,1735770,5602,150002506,1736830,
4078,1736822,5602,150002509,1736830,
4078,1735764,5602,150002512,1736830,
4078,1736816,5602,150002515,1736830,
3110,1736828,4158,150002519,1736840,
4078,1736820,5602,150002520,1736830,
3110,1736818,4158,150002525,1736840,
3110,1736814,4158,150002530,1736840,
3110,1743002,4158,150002534,1736840,
3109,1736802,4158,150002538,1736802,
3108,1736788,4158,150002542,1736788,
3108,1737294,4158,150002546,1736788,
3108,1736786,4158,150002550,1736788,
3107,1743020,4158,150002565,1743020,
3107,1743022,4158,150002571,1743020,
3107,1737292,4158,150002576,1743020,
3295,1737250,4462,150002581,1737250,
3107,1736758,4158,150002582,1743020,
3295,1737262,4462,150002588,1737250,
3494,1736762,4714,150002589,1736762,
3295,1743026,4462,150002594,1737250,
3494,1736748,4714,150002595,1736762,
3295,1743028,4462,150002600,1737250,
3494,1736746,4714,150002601,1736762,
3294,1743030,4462,150002606,1743030,
3494,1736744,4714,150002608,1736762,
3494,1736742,4714,150002614,1736762,
5771,1736752,7946,150002619,1736752,
3494,1736738,4714,150002620,1736762,
3494,1736736,4714,150002625,1736762,
3494,1736712,4714,150002630,1736762,
3494,1743068,4714,150002635,1736762,
3494,1736692,4714,150002640,1736762,
5209,1736698,7175,150002645,1736698,
3107,1736756,4158,150002652,1743020,
3107,1736696,4158,150002658,1743020,
3106,1736690,4158,150002664,1736690,
3106,1736686,4158,150002670,1736690,
3105,1734244,4158,150002676,1734244,
3105,1734242,4158,150002683,1734244,
3104,1734232,4158,150002690,1734232,
4151,1734226,5705,150002696,1734226,
4240,1734224,5847,150002702,1734224,
3104,1734228,4158,150002708,1734232,
4240,1734214,5847,150002709,1734224,
3104,1734218,4158,150002715,1734232,
4240,1732786,5847,150002716,1734224,
4240,1734312,5847,150002723,1734224,
3806,1734212,5172,150002724,1734212,
4240,1734318,5847,150002730,1734224,
3104,1734210,4158,150002731,1734232,
3806,1732760,5172,150002732,1734212,
3103,1742990,4158,150002738,1742990,
3103,1734208,4158,150002745,1742990,
3103,1734198,4158,150002752,1742990,
3103,1734194,4158,150002758,1742990,
3102,1734180,4158,150002764,1734180,
3102,1734164,4158,150002770,1734180,
3102,1734158,4158,150002795,1734180,
3102,1734150,4158,150002802,1734180,
3102,1743122,4158,150002808,1734180,
3102,1734130,4158,150002834,1734180,
3102,1734124,4158,150002841,1734180,
3102,1734120,4158,150002847,1734180,
3102,1734110,4158,150002866,1734180,
3102,1734106,4158,150002873,1734180,
3101,1734084,4158,150002879,1734084,
3101,1734066,4158,150002885,1734084,
3101,1734046,4158,150002891,1734084,
3101,1734024,4158,150002898,1734084,
3100,1733994,4158,150002905,1733994,01034500
3100,1733964,4158,150002913,1733994,01034500
3100,1733962,4158,150002932,1733994,01034500
3100,1733954,4158,150002939,1733994,01034500
3100,1733950,4158,150002946,1733994,01034500
3099,1733922,4158,150002953,1733922,
3099,1733900,4158,150002959,1733922,
3099,1733892,4158,150002965,1733922,
3098,1733880,4158,150002986,1733880,
3098,1733868,4158,150002994,1733880,
3098,1733864,4158,150003002,1733880,
3098,1733860,4158,150003009,1733880,
3098,1733856,4158,150003017,1733880,
3097,1733848,4158,150003027,1733848,
3097,1733840,4158,150003038,1733848,
3097,1733836,4158,150003051,1733848,
3097,1733824,4158,150003063,1733848,
3097,1733808,4158,150003072,1733848,
3097,1733794,4158,150003081,1733848,
3097,1733786,4158,150003119,1733848,
3097,1733774,4158,150003131,1733848,
3819,1733770,5181,150003142,1733770,
3097,1733768,4158,150003143,1733848,
4241,1734314,5848,150003153,1734314,
3096,1733760,4158,150003154,1733760,
4241,1733744,5848,150003165,1734314,
4241,1732086,5848,150003176,1734314,
4241,1734316,5848,150003187,1734314,
3096,1733754,4158,150003188,1733760,
4241,1734308,5848,150003200,1734314,
3096,1733750,4158,150003201,1733760,
3096,1742978,4158,150003212,1733760,
3096,1733738,4158,150003225,1733760,
3095,1733714,4158,150003267,1733714,
3095,1733700,4158,150003279,1733714,
3095,1733698,4158,150003291,1733714,
3094,1733694,4158,150003301,1733694,
3094,1733692,4158,150003312,1733694,
3093,1733682,4158,150003323,1733682,
3093,1733680,4158,150003359,1733682,
3093,1733674,4158,150003371,1733682,
3092,1733670,4158,150003381,1733670,
3092,1733666,4158,150003391,1733670,
3092,1733664,4158,150003401,1733670,
3092,1731422,4158,150003412,1733670,
3154,1743130,4231,150003422,1743130,
3153,1731420,4231,150003443,1731420,01030500
3153,6089,4231,150003454,1731420,01030500
3153,6087,4231,150003464,1731420,01030500
3153,3923,4231,150003474,1731420,01030500
3153,3919,4231,150003485,1731420,01030500
3153,3917,4231,150003495,1731420,01030500
3153,931020007,4231,150003496,1731420,01030500
3153,931020006,4231,150003507,1731420,01030500
3153,3909,4231,150003529,1731420,01030500
3153,3201,4231,150003541,1731420,01030500
3153,3199,4231,150003553,1731420,01030500
3153,3907,4231,150003565,1731420,01030500
3152,3905,4231,150003577,3905,
3152,3191,4231,150003589,3905,
3152,3903,4231,150003601,3905,
3152,3901,4231,150003614,3905,
3091,1731418,4158,150003625,1731418,
3152,3185,4231,150003627,3905,
3090,1731414,4158,150003639,1731414,
3152,3897,4231,150003641,3905,
3152,3895,4231,150003659,3905,
3089,1731402,4158,150003672,1731402,
3152,3891,4231,150003674,3905,
3089,1731394,4158,150003687,1731402,
3152,3889,4231,150003689,3905,
3089,1731396,4158,150003700,1731402,
3151,3875,4231,150003702,3875,
3089,1731398,4158,150003713,1731402,
3151,3879,4231,150003715,3875,
3087,1731400,4158,150003726,1731400,
3151,3881,4231,150003728,3875,
3086,1700608,4158,150003740,1700608,
3151,3883,4231,150003742,3875,
3086,1700610,4158,150003755,1700608,
3151,3175,4231,150003757,3875,
3085,1700598,4158,150003771,1700598,
3150,3871,4231,150003774,3871,
3085,1700582,4158,150003785,1700598,
3150,3173,4231,150003788,3871,
3085,1700580,4158,150003799,1700598,
3150,3869,4231,150003802,3871,
3085,1700578,4158,150003814,1700598,
3150,3171,4231,150003817,3871,
3084,1700594,4158,150003830,1700594,
3150,3867,4231,150003833,3871,
3083,1700600,4158,150003845,1700600,
3150,3169,4231,150003848,3871,
3285,1700616,4451,150003860,1700616,
3150,3865,4231,150003863,3871,
3083,1700630,4158,150003875,1700600,
3285,1700150,4451,150003876,1700616,
3150,3863,4231,150003879,3871,
3083,1705926,4158,150003891,1700600,
3284,1700586,4451,150003892,1700586,
3150,3851,4231,150003895,3871,
3082,1705928,4158,150003908,1705928,
3284,1700130,4451,150003909,1700586,
3082,1700182,4158,150003924,1705928,
4364,1700114,6008,150003925,1700114,
3082,1705924,4158,150003940,1705928,
4364,1700116,6008,150003941,1700114,
3081,1705922,4158,150003956,1705922,
4364,1700120,6008,150003957,1700114,
3081,1700360,4158,150003972,1705922,
5630,1700148,7751,150003973,1700148,
3080,1700626,4158,150003989,1700626,
5630,1700624,7751,150003990,1700148,
3207,1720001,4282,150004007,1720001,
3181,1715122,4277,150004008,1715122,
3080,1700628,4158,150004009,1700626,
3207,1726313,4282,150004029,1720001,
3181,1713474,4277,150004030,1715122,
3080,1700642,4158,150004031,1700626,
3206,1719977,4282,150004048,1719977,
3181,1713470,4277,150004049,1715122,
3080,1700800,4158,150004050,1700626,
3206,1719979,4282,150004069,1719977,
3181,1713468,4277,150004070,1715122,
3080,1700652,4158,150004071,1700626,
3180,1713462,4277,150004091,1713462,
3079,1700664,4158,150004092,1700664,
3179,1713456,4277,150004116,1713456,01029500
3078,1700662,4158,150004117,1700662,
3077,1700622,4158,150004141,1700622,
3177,1713448,4277,150004164,1713448,
3077,1700614,4158,150004165,1700622,
3177,1713442,4277,150004185,1713448,
3076,1700604,4158,150004186,1700604,
3177,1713424,4277,150004209,1713448,
3075,1700566,4158,150004210,1700566,
3074,1700548,4158,150004235,1700548,
3074,1700546,4158,150004259,1700548,
3073,1700536,4158,150004284,1700536,
3072,1700794,4158,150004309,1700794,
3072,1700528,4158,150004336,1700794,
3072,1700520,4158,150004365,1700794,
3072,1700516,4158,150004393,1700794,
3072,1700504,4158,150004421,1700794,
3072,1700500,4158,150004446,1700794,
3072,1700498,4158,150004473,1700794,
3071,1700470,4158,150004501,1700470,
3071,1700458,4158,150004530,1700470,
3071,1700454,4158,150004562,1700470,
3071,1700426,4158,150004597,1700470,
3070,1700412,4158,150004633,1700412,
3070,1700416,4158,150004667,1700412,
3070,1700414,4158,150004703,1700412,
3070,1702482,4158,150004741,1700412,
3069,1702488,4158,150004776,1702488,
3068,1702486,4158,150004810,1702486,
3067,1702458,4158,150004844,1702458,
3067,1702456,4158,150004885,1702458,
3067,1702452,4158,150004925,1702458,
3067,1702472,4158,150004968,1702458,
3067,1702474,4158,150005013,1702458,
3067,1701756,4158,150005061,1702458,
3065,1702480,4158,150005111,1702480,
3065,1702468,4158,150005163,1702480,
3065,1702490,4158,150005216,1702480,
3064,1702494,4158,150005264,1702494,
3063,1702438,4158,150005312,1702438,
3062,1702414,4158,150005367,1702414,
3061,1702380,4158,150005419,1702380,
3061,1702352,4158,150005471,1702380,
3060,1698894,4158,150005523,1698894,
3059,1698874,4158,150005579,1698874,
3058,1698860,4158,150005632,1698860,
3058,1698864,4158,150005684,1698860,
3058,1698866,4158,150005741,1698860,
3275,1734072,4446,150005793,1734072,
3058,1698880,4158,150005799,1698860,
3275,1743114,4446,150005854,1734072,
3057,1698886,4158,150005860,1698886,
3275,1734060,4446,150005919,1734072,
3056,1698914,4158,150005925,1698914,
3275,1734052,4446,150005986,1734072,
3055,1698916,4158,150005992,1698916,
3274,1734064,4446,150006057,1734064,
3055,1702396,4158,150006063,1698916,
3054,1702430,4158,150006134,1702430,
3053,1702440,4158,150006207,1702440,
3274,1734070,4446,150006275,1734064,
3053,1702514,4158,150006282,1702440,
3284,1700112,4451,150006283,1700586,
3309,3873,4467,150006290,3873,
3274,1734082,4446,150006352,1734064,
3052,1705894,4158,150006359,1705894,
3284,1700108,4451,150006360,1700586,
3309,3523,4467,150006368,3873,
3052,1702524,4158,150006436,1705894,
3284,1700088,4451,150006437,1700586,
3456,1743088,4686,150006508,1743088,
3052,1702556,4158,150006516,1705894,
3284,1700562,4451,150006517,1700586,
3456,1743086,4686,150006590,1743088,
3051,1702600,4158,150006599,1702600,
3284,1700084,4451,150006600,1700586,
3456,1736936,4686,150006677,1743088,
3050,1702636,4158,150006684,1702636,
3284,1700558,4451,150006685,1700586,
3456,1736644,4686,150006769,1743088,
3049,1702596,4158,150006777,1702596,
3284,1700082,4451,150006778,1700586,
3456,1735938,4686,150006863,1743088,
3048,1702606,4158,150006872,1702606,
3284,1700554,4451,150006873,1700586,
3455,1736626,4686,150006957,1736626,
3047,1702632,4158,150006967,1702632,
3284,1700552,4451,150006968,1700586,
3340,1737120,4529,150007051,1737120,
3455,1736628,4686,150007052,1736626,
3047,1702652,4158,150007062,1702632,
3284,1700076,4451,150007063,1700586,
3339,1743102,4529,150007153,1743102,
3455,1736944,4686,150007154,1736626,
3047,1703058,4158,150007164,1702632,
3284,1700542,4451,150007165,1700586,
3339,1737122,4529,150007260,1743102,
3455,1736946,4686,150007261,1736626,
3047,1703060,4158,150007272,1702632,
3365,1743080,4560,150007373,1743080,
3455,1736634,4686,150007375,1736626,
3338,1736162,4529,150007376,1736162,
3046,1702670,4158,150007388,1702670,
3338,1737060,4529,150007495,1736162,
3455,1736924,4686,150007496,1736626,
3365,1736886,4560,150007497,1743080,
3045,1702660,4158,150007511,1702660,
3338,1736128,4529,150007620,1736162,
3365,1735880,4560,150007621,1743080,
3044,1702690,4158,150007631,1702690,
3338,1736134,4529,150007749,1736162,
3364,1735790,4560,150007750,1735790,01037000
3044,1702694,4158,150007760,1702690,
3338,1736132,4529,150007883,1736162,
3364,1735782,4560,150007886,1735790,01037000
3043,1702738,4158,150007895,1702738,
3364,1736856,4560,150008021,1735790,01037000
3338,1736122,4529,150008022,1736162,
3042,1702784,4158,150008034,1702784,
3338,1736136,4529,150008170,1736162,
3364,1735772,4560,150008172,1735790,01037000
3417,1731390,4607,150008174,1731390,
3428,1726311,4608,150008175,1726311,
3041,1702814,4158,150008184,1702814,
3338,1736148,4529,150008320,1736162,
3363,1735746,4560,150008322,1735746,
3416,1731442,4607,150008325,1731442,
3428,1719961,4608,150008331,1726311,
3040,1702806,4158,150008335,1702806,
3338,1736670,4529,150008474,1736162,
4267,1736596,5883,150008475,1736596,
3363,1735744,4560,150008476,1735746,
3416,1731302,4607,150008479,1731442,
3428,1719331,4608,150008486,1726311,
3040,1702776,4158,150008491,1702806,
4267,1737274,5883,150008651,1736596,
3337,1736174,4529,150008653,1736174,
3441,1702808,4657,150008669,1702808,
3040,1702770,4158,150008670,1702806,
3337,1736176,4529,150008828,1736174,
3362,1735754,4560,150008829,1735754,
3441,1702810,4657,150008842,1702808,
3040,1702772,4158,150008843,1702806,
3337,1737126,4529,150009012,1736174,
3361,1735732,4560,150009014,1735732,
3040,1705898,4158,150009028,1702806,
3441,1702856,4657,150009029,1702808,
3337,1736196,4529,150009205,1736174,
3361,1735724,4560,150009206,1735732,
3440,1702874,4657,150009218,1702874,
3039,1702778,4158,150009219,1702778,01027200
3473,1700606,4693,150009220,1700606,
3487,1698858,4694,150009222,1698858,
3337,1736220,4529,150009404,1736174,
3440,1702872,4657,150009419,1702874,
3039,1702746,4158,150009420,1702778,01027200
3472,1700584,4693,150009421,1700584,
3486,1698852,4694,150009423,1698852,
3337,1736230,4529,150009622,1736174,
3440,1702860,4657,150009636,1702874,
3039,1702734,4158,150009637,1702778,01027200
3471,1700574,4693,150009639,1700574,
3485,1698802,4694,150009641,1698802,
3337,1736254,4529,150009847,1736174,
3039,1703334,4158,150009863,1702778,01027200
3440,1702870,4657,150009864,1702874,
3471,1702736,4693,150009865,1700574,
3485,1698792,4694,150009867,1698802,
3337,1736262,4529,150010086,1736174,
3440,1703604,4657,150010106,1702874,
3038,1703324,4158,150010107,1703324,
3470,1701994,4693,150010108,1701994,
3484,1698790,4694,150010110,1698790,
3520,1743082,4764,150010350,1743082,
3337,1743036,4529,150010351,1736174,
3535,1737268,4778,150010353,1737268,
3440,1705888,4657,150010374,1702874,
3037,1703314,4158,150010375,1703314,
3470,1701996,4693,150010376,1701994,
3529,1700618,4777,150010377,1700618,
3484,1698784,4694,150010379,1698790,
3337,1737862,4529,150010646,1736174,
3520,1736892,4764,150010648,1743082,
3535,1736792,4778,150010649,1737268,
3439,1703614,4657,150010670,1703614,
3571,1702448,4802,150010671,1702448,
3470,1702006,4693,150010672,1701994,
3528,1700796,4777,150010673,1700796,
3037,1699084,4158,150010675,1703314,
3564,1698890,4801,150010676,1698890,
3483,1698786,4694,150010677,1698786,
3548,6091,4789,150010702,6091,
3336,1738036,4529,150010960,1738036,
3573,1737246,4805,150010961,1737246,
3520,1736890,4764,150010963,1743082,
3564,1705910,4801,150010983,1698890,
3438,1703624,4657,150010984,1703624,
3571,1702510,4802,150010985,1702448,
3470,1701998,4693,150010986,1701994,
3528,1700798,4777,150010987,1700796,
3037,1699078,4158,150010989,1703314,
3483,1698498,4694,150010990,1698786,
3548,5543,4789,150011014,6091,
3573,1737270,4805,150011277,1737246,
3520,1736642,4764,150011280,1743082,
3438,1703618,4657,150011298,1703624,
3469,1702750,4693,150011299,1702750,
3570,1702586,4802,150011300,1702586,
3528,1700634,4777,150011301,1700796,
3037,1699072,4158,150011303,1703314,
3483,1698774,4694,150011304,1698786,
3563,1698650,4801,150011305,1698650,
3547,5551,4789,150011331,5551,
3520,1736940,4764,150011621,1743082,
3573,1736760,4805,150011622,1737246,
3601,1734134,4860,150011624,1734134,
3438,1703620,4657,150011642,1703624,
3469,1702726,4693,150011643,1702750,
3569,1702618,4802,150011645,1702618,
3562,1701486,4801,150011646,1701486,
3528,1700670,4777,150011647,1700796,
3036,1699064,4158,150011649,1699064,
3483,1698772,4694,150011650,1698786,
3547,5573,4789,150011678,5551,
3519,1736942,4764,150011983,1736942,
3573,1735670,4805,150011985,1737246,
3601,1732606,4860,150011989,1734134,
3438,1703626,4657,150012007,1703624,
3569,1702640,4802,150012008,1702618,
3624,1702478,4913,150012009,1702478,
3469,1701950,4693,150012010,1702750,
3561,1701488,4801,150012012,1701488,
3527,1700672,4777,150012013,1700672,
5733,1700656,7884,150012014,1700656,
3629,1700524,4919,150012015,1700524,
3036,1699060,4158,150012017,1699064,
3483,1698776,4694,150012018,1698786,
3547,5575,4789,150012047,5551,
210,4290485,245,150012343,4290485,
3518,1736938,4764,150012390,1736938,
3573,1736734,4805,150012391,1737246,
3636,1736684,4922,150012393,1736684,
3601,1732616,4860,150012397,1734134,
3437,1703398,4657,150012416,1703398,
3628,1702614,4919,150012417,1702614,
3561,1702394,4801,150012418,1701488,
3624,1702286,4913,150012419,1702478,
3569,1701836,4802,150012422,1702618,
3526,1700138,4777,150012423,1700138,
5733,1700126,7884,150012424,1700656,
3035,1699054,4158,150012426,1699054,
3547,5581,4789,150012456,5551,
209,4292701,245,150012786,4292701,
3494,1743054,4714,150012833,1736762,
3518,1737258,4764,150012835,1736938,
3649,1737132,4955,150012836,1737132,
3653,1736804,4957,150012838,1736804,
3573,1736732,4805,150012839,1737246,
3636,1735548,4922,150012841,1736684,
3601,1734168,4860,150012843,1734134,
3664,1733842,4962,150012845,1733842,
3659,1731412,4961,150012850,1731412,
3569,1702696,4802,150012870,1702618,
3561,1702404,4801,150012871,1701488,
3624,1702280,4913,150012872,1702478,
3628,1701926,4919,150012873,1702614,
3674,1700696,4988,150012875,1700696,
3669,1700452,4981,150012877,1700452,
3526,1700134,4777,150012878,1700138,
3034,1699046,4158,150012880,1699046,
209,4290489,245,150013270,4292701,
3649,1743104,4955,150013321,1737132,
3518,1736932,4764,150013323,1736938,
3653,1736806,4957,150013324,1736804,
3572,1736726,4805,150013325,1736726,
3494,1736534,4714,150013326,1736762,
3636,1735578,4922,150013329,1736684,
3601,1734174,4860,150013332,1734134,
3664,1733356,4962,150013335,1733842,
3659,1731150,4961,150013339,1731412,
3568,1702712,4802,150013361,1702712,
3628,1702626,4919,150013362,1702614,
3686,1702466,5014,150013363,1702466,
3560,1702418,4801,150013364,1702418,
3624,1702274,4913,150013365,1702478,
3673,1700700,4988,150013367,1700700,
3526,1700140,4777,150013368,1700138,
3669,1699960,4981,150013370,1700452,
3033,1699104,4158,150013372,1699104,
3649,1737158,4955,150013864,1737132,
3518,1736926,4764,150013867,1736938,
3635,1736558,4922,150013868,1736558,
3696,1736218,5035,150013869,1736218,
3653,1735740,4957,150013871,1736804,
3572,1735646,4805,150013872,1736726,
3600,1734172,4860,150013874,1734172,
3493,1733654,4714,150013875,1733654,
3664,1733348,4962,150013878,1733842,
3659,1731146,4961,150013884,1731412,
3738,1702658,5070,150013910,1702658,
3628,1702638,4919,150013912,1702614,
3732,1702582,5066,150013913,1702582,
3560,1702426,4801,150013914,1702418,
3568,1702300,4802,150013915,1702712,
3526,1702086,4777,150013916,1700138,
3623,1701726,4913,150013917,1701726,
3685,1701650,5014,150013918,1701650,
3669,1700346,4981,150013920,1700452,
3673,1700170,4988,150013921,1700700,
3033,1699102,4158,150013923,1699104,
3648,1737160,4955,150014475,1737160,
3518,1736920,4764,150014478,1736938,
3653,1736808,4957,150014479,1736804,
3572,1736716,4805,150014480,1736726,
3696,1736222,5035,150014481,1736218,
3600,1734188,4860,150014484,1734172,
3664,1732110,4962,150014492,1733842,
3659,1731142,4961,150014494,1731412,
3738,1705896,5070,150014519,1702658,
3526,1702884,4777,150014523,1700138,
3568,1702722,4802,150014524,1702712,
3732,1702272,5066,150014526,1702582,
3685,1702266,5014,150014527,1701650,
3628,1701930,4919,150014530,1702614,
3623,1701708,4913,150014532,1701726,
3673,1700706,4988,150014533,1700700,
3669,1700434,4981,150014534,1700452,
3033,1699100,4158,150014538,1699104,
3696,1737842,5035,150015162,1736218,
3648,1737156,4955,150015164,1737160,
3518,1736930,4764,150015167,1736938,
3572,1736710,4805,150015168,1736726,
3653,1736610,4957,150015169,1736804,
3600,1734190,4860,150015171,1734172,
3762,1734048,5122,150015172,1734048,
3663,1732098,4962,150015180,1732098,
3659,1731318,4961,150015181,1731412,
3789,1703630,5154,150015208,1703630,
3526,1702886,4777,150015212,1700138,
3568,1702728,4802,150015215,1702712,
3738,1702678,5070,150015216,1702658,
3628,1702656,4919,150015217,1702614,
3623,1701690,4913,150015219,1701726,
3685,1701610,5014,150015221,1701650,
3731,1701590,5066,150015223,1701590,
3669,1700440,4981,150015224,1700452,
3673,1700176,4988,150015225,1700700,
3033,1699096,4158,150015229,1699104,
3796,1699082,5160,150015230,1699082,
3648,1736298,4955,150015943,1737160,
3518,1735966,4764,150015945,1736938,
3652,1735826,4957,150015947,1735826,
3572,1735634,4805,150015948,1736726,
3600,1734192,4860,150015953,1734172,
3801,1733762,5169,150015955,1733762,
3762,1732444,5122,150015961,1734048,
3663,1732080,4962,150015963,1732098,
3659,1731316,4961,150015964,1731412,
3789,1703632,5154,150015994,1703630,
3796,1703312,5160,150015997,1699082,
3738,1702676,5070,150016001,1702658,
3731,1702536,5066,150016002,1701590,
3855,1702350,5215,150016004,1702350,
3526,1702090,4777,150016005,1700138,
3568,1701894,4802,150016006,1702712,
3685,1701594,5014,150016008,1701650,
3622,1701574,4913,150016009,1701574,
3673,1700710,4988,150016010,1700700,
4996,1700636,6892,150016011,1700636,
3669,1700438,4981,150016012,1700452,
3033,1698912,4158,150016017,1699104,
3518,1736948,4764,150016830,1736938,
3652,1736836,4957,150016831,1735826,
3572,1736704,4805,150016832,1736726,
3535,1736580,4778,150016833,1737268,
3648,1736330,4955,150016834,1737160,
3819,1733746,5181,150016843,1733770,
3600,1733552,4860,150016844,1734172,
3801,1732106,5169,150016852,1733762,
3663,1732066,4962,150016853,1732098,
3659,1731388,4961,150016854,1731412,
3787,1703432,5154,150016888,1703432,
3526,1702896,4777,150016891,1700138,
3737,1702680,5070,150016893,1702680,
3907,1702604,5287,150016895,1702604,
3685,1702254,5014,150016897,1701650,
3912,1702026,5297,150016898,1702026,
3568,1701910,4802,150016901,1702712,
3731,1701564,5066,150016903,1701590,
3622,1701540,4913,150016904,1701574,
3854,1701458,5215,150016905,1701458,
3885,1700646,5264,150016906,1700646,
3910,1700506,5295,150016908,1700506,
3669,1699962,4981,150016913,1700452,
3795,1699080,5160,150016916,1699080,
3033,1698910,4158,150016917,1699104,
3517,1736952,4764,150017853,1736952,
3652,1736846,4957,150017854,1735826,
3572,1736702,4805,150017855,1736726,
3535,1735712,4778,150017860,1737268,
3801,1733766,5169,150017867,1733762,
3920,1733740,5312,150017868,1733740,
3806,1732734,5172,150017872,1734212,
3819,1732082,5181,150017878,1733770,
3658,1731384,4961,150017880,1731384,
3943,1705904,5365,150017919,1705904,
3787,1703636,5154,150017921,1703432,
3568,1702752,4802,150017925,1702712,
3945,1702748,5372,150017926,1702748,
3736,1702672,5070,150017928,1702672,
3730,1702470,5066,150017930,1702470,
3907,1701636,5287,150017937,1702604,
3621,1701510,4913,150017938,1701510,
3669,1700424,4981,150017941,1700452,
3885,1700174,5264,150017943,1700646,
3910,1700002,5295,150017945,1700506,
3033,1698904,4158,150017949,1699104,
3854,1698652,5215,150017951,1701458,
889,4290519,1122,150018904,4290519,
3517,1736968,4764,150019046,1736952,
3950,1736854,5386,150019047,1736854,
3572,1735626,4805,150019055,1736726,
3958,1734166,5409,150019060,1734166,
3818,1733332,5181,150019065,1733332,
3805,1732664,5172,150019068,1732664,
3801,1732112,5169,150019073,1733762,
3920,1732092,5312,150019074,1733740,
3658,1731124,4961,150019077,1731384,
3787,1703638,5154,150019121,1703432,
3567,1702758,4802,150019126,1702758,
3736,1702686,5070,150019127,1702672,
3907,1702534,5287,150019129,1702604,
3985,1701692,5460,150019135,1701692,
3945,1701642,5372,150019136,1702748,
3621,1701504,4913,150019138,1701510,
3984,1700572,5458,150019140,1700572,
3910,1700494,5295,150019141,1700506,
3669,1700442,4981,150019143,1700452,
3943,1700410,5365,150019144,1705904,
3978,1700408,5455,150019145,1700408,
3885,1700178,5264,150019148,1700646,
3730,1698922,5066,150019152,1702470,
3033,1698900,4158,150019153,1699104,
3854,1698884,5215,150019154,1701458,
3992,1698856,5461,150019155,1698856,
3735,166195826,5070,150019286,166195826,
4059,24894828,5571,150019318,24894828,
3517,1736970,4764,150020476,1736952,
4004,1736864,5497,150020477,1736864,
3652,1736850,4957,150020478,1735826,
3995,1736724,5479,150020479,1736724,
3572,1736718,4805,150020480,1736726,
3950,1735878,5386,150020486,1736854,
3533,1735784,4778,150020488,1735784,
3999,1733838,5486,150020497,1733838,
3801,1733792,5169,150020499,1733762,
3920,1733742,5312,150020500,1733740,
3818,1733322,5181,150020506,1733332,
3958,1732634,5409,150020508,1734166,
3657,1731120,4961,150020514,1731120,
3787,1703442,5154,150020566,1703432,
3567,1702802,4802,150020573,1702758,
4056,1702646,5566,150020575,1702646,
3907,1702532,5287,150020577,1702604,
4060,1702518,5572,150020578,1702518,
4068,1702378,5583,150020579,1702378,
4064,1701912,5573,150020582,1701912,
3985,1701680,5460,150020585,1701692,
3945,1701640,5372,150020586,1702748,
3621,1701494,4913,150020587,1701510,
3885,1700658,5264,150020589,1700646,
3983,1700568,5458,150020590,1700568,
3910,1700484,5295,150020591,1700506,
3943,1700398,5365,150020594,1705904,
3669,1699984,4981,150020597,1700452,
3978,1699856,5455,150020598,1700408,
3729,1698920,5066,150020600,1698920,
4052,1698872,5562,150020601,1698872,
3991,1698822,5461,150020603,1698822,
3854,1698654,5215,150020605,1701458,
3032,1698538,4158,150020606,1698538,
889,1698534,1122,150020607,4290519,
4026,5567,5531,150020728,5567,
3735,166195827,5070,150020764,166195826,
4071,1743094,5587,150022212,1743094,
4079,1743084,5605,150022213,1743084,
4004,1743078,5497,150022214,1736864,
3652,1743076,4957,150022215,1735826,
4084,1736990,5609,150022225,1736990,
3517,1736976,4764,150022226,1736952,
3950,1735888,5386,150022233,1736854,
3533,1735786,4778,150022235,1735784,
3572,1735658,4805,150022236,1736726,
3995,1735650,5479,150022237,1736724,
3801,1733790,5169,150022249,1733762,
3920,1733730,5312,150022250,1733740,
3958,1732568,5409,150022261,1734166,
3999,1732126,5486,150022265,1733838,
3657,1731436,4961,150022268,1731120,
4159,1731306,5718,150022270,1731306,
3945,1703692,5372,150022334,1702748,
4144,1702668,5693,150022341,1702668,
3910,1702564,5295,150022344,1700506,
4060,1702546,5572,150022346,1702518,
3985,1702386,5460,150022347,1701692,
4068,1702356,5583,150022348,1702378,
3620,1702340,4913,150022350,1702340,
3567,1701952,4802,150022355,1702758,
4064,1701922,5573,150022356,1701912,
4059,1701762,5571,150022357,24894828,
4055,1701572,5566,150022359,1701572,
3907,1701524,5287,150022360,1702604,
3854,1701448,5215,150022361,1701458,
4149,1700674,5699,150022362,1700674,
3885,1700660,5264,150022363,1700646,
3982,1700556,5458,150022364,1700556,
3669,1700444,4981,150022366,1700452,
3943,1699858,5365,150022371,1705904,
3977,1699780,5455,150022372,1699780,
4051,1698850,5562,150022374,1698850,
3990,1698794,5461,150022375,1698794,
3729,1698638,5066,150022378,1698920,
3032,1698532,4158,150022379,1698538,
4058,24894808,5571,150022618,24894808,
4084,1743092,5609,150024369,1736990,
3572,1737240,4805,150024379,1736726,
4071,1736998,5587,150024382,1743094,
4079,1736906,5605,150024383,1743084,
3950,1736866,5386,150024384,1736854,
3651,1736848,4957,150024385,1736848,
3995,1736730,5479,150024386,1736724,
3517,1736654,4764,150024388,1736952,
3533,1736602,4778,150024389,1735784,
4177,1736178,5734,150024391,1736178,
4004,1735862,5497,150024396,1736864,
3800,1733798,5169,150024406,1733798,
3958,1733490,5409,150024411,1734166,
4169,1733326,5721,150024415,1733326,
4156,1732134,5714,150024427,1732134,
3920,1732072,5312,150024428,1733740,
4164,1731404,5720,150024431,1731404,
4159,1731122,5718,150024432,1731306,
3656,1731098,4961,150024433,1731098,
4221,1703628,5827,150024511,1703628,
3945,1703350,5372,150024514,1702748,
4064,1702788,5573,150024518,1701912,
4224,1702642,5831,150024520,1702642,
3909,1702552,5295,150024524,1702552,
4233,1702398,5844,150024526,1702398,
3854,1702344,5215,150024529,1701458,
3735,1702292,5070,150024530,166195826,
4068,1702244,5583,150024531,1702378,
3906,1702238,5287,150024532,1702238,
3567,1701964,4802,150024536,1702758,
4144,1701844,5693,150024538,1702668,
4218,1701760,5817,150024540,1701760,
4060,1701758,5572,150024541,1702518,
3985,1701674,5460,150024542,1701692,
4055,1701542,5566,150024544,1701572,
4238,1701508,5846,150024545,1701508,
3620,1701456,4913,150024546,1702340,
4148,1700682,5699,150024549,1700682,
3669,1700436,4981,150024551,1700452,
3885,1700200,5264,150024552,1700646,
3982,1700100,5458,150024553,1700556,
3943,1699862,5365,150024557,1705904,
3977,1699766,5455,150024558,1699780,
3032,1698882,4158,150024564,1698538,
4237,1698798,5845,150024565,1698798,
3729,1698728,5066,150024567,1698920,
4050,1698572,5562,150024568,1698572,
3990,1698528,5461,150024570,1698794,
4387,24894830,6035,150024865,24894830,
4273,1737890,5890,150027148,1737890,
3572,1737266,4805,150027158,1736726,
4275,1737164,5894,150027159,1737164,
3517,1736984,4764,150027161,1736952,
3949,1736874,5386,150027163,1736874,
4265,1736870,5882,150027164,1736870,
5027,1736858,6930,150027165,1736858,
4242,1736832,5850,150027166,1736832,
4734,1736198,6490,150027173,1736198,
4177,1736194,5734,150027174,1736178,
4084,1736016,5609,150027179,1736990,
4071,1736014,5587,150027180,1743094,
4079,1735932,5605,150027182,1743084,
4004,1735896,5497,150027183,1736864,
3651,1735860,4957,150027184,1736848,
3533,1735796,4778,150027185,1735784,
4280,1735722,5896,150027186,1735722,
3995,1735672,5479,150027187,1736724,
4244,1735570,5854,150027188,1735570,
4253,1734044,5864,150027196,1734044,
3799,1733800,5169,150027200,1733800,
3920,1733716,5312,150027201,1733740,
4256,1733684,5867,150027202,1733684,
3957,1733478,5409,150027205,1733478,
4156,1732156,5714,150027224,1732134,
4159,1731308,5718,150027230,1731306,
4164,1731132,5720,150027231,1731404,
3656,1731088,4961,150027232,1731098,
4357,1713458,6000,150027311,1713458,
3944,1703584,5372,150027350,1703584,
4221,1703420,5827,150027352,1703628,
4064,1702794,5573,150027358,1701912,
4383,1702780,6031,150027359,1702780,
4410,1702700,6062,150027361,1702700,
4389,1702558,6036,150027365,1702558,
4055,1702550,5566,150027366,1701572,
4392,1702512,6040,150027368,1702512,
4398,1702508,6044,150027369,1702508,
4218,1702422,5817,150027370,1701760,
4068,1702362,5583,150027373,1702378,
3734,1702304,5070,150027376,1702304,
4143,1702298,5693,150027377,1702298,
3906,1702236,5287,150027379,1702238,
3909,1701846,5295,150027384,1702552,
4224,1701824,5831,150027385,1702642,
4060,1701754,5572,150027386,1702518,
4058,1701730,5571,150027387,24894808,
3985,1701668,5460,150027388,1701692,
4238,1701478,5846,150027390,1701508,
4233,1701462,5844,150027392,1702398,
4403,1700692,6052,150027395,1700692,
4147,1700678,5699,150027396,1700678,
4404,1700654,6053,150027397,1700654,
4400,1700576,6048,150027398,1700576,
3669,1700348,4981,150027402,1700452,
3885,1700210,5264,150027403,1700646,
3982,1700104,5458,150027405,1700556,
3942,1699844,5365,150027410,1699844,
3977,1699762,5455,150027412,1699780,
3031,1698876,4158,150027416,1698876,
4371,1698848,6019,150027417,1698848,
3989,1698780,5461,150027419,1698780,
3728,1698732,5066,150027423,1698732,
3620,1698668,4913,150027425,1702340,
4050,1698570,5562,150027426,1698572,
4237,1698516,5845,150027428,1698798,
3977,166195824,5455,150027742,1699780,
4275,1743108,5894,150030911,1737164,
4244,1737282,5854,150030931,1735570,
4079,1736902,5605,150030935,1743084,
4418,1736878,6073,150030936,1736878,
3650,1736838,4957,150030937,1736838,
3995,1736740,5479,150030939,1736724,
3517,1736658,4764,150030940,1736952,
4084,1736656,5609,150030941,1736990,
3532,1736592,4778,150030943,1736592,
4280,1736576,5896,150030944,1735722,
4469,1736200,6132,150030950,1736200,
4070,1735996,5587,150030954,1735996,
4003,1735898,5497,150030958,1735898,
4265,1735850,5882,150030959,1736870,
5027,1735834,6930,150030960,1736858,
4242,1735804,5850,150030961,1736832,
4419,1735798,6077,150030962,1735798,
3572,1735656,4805,150030963,1736726,
4415,1734274,6068,150030973,1734274,
4448,1734086,6107,150030976,1734086,
4444,1733902,6106,150030983,1733902,
4412,1733862,6066,150030986,1733862,
4156,1733852,5714,150030987,1732134,
4437,1733780,6094,150030988,1733780,
4438,1733734,6095,150030992,1733734,
4256,1733686,5867,150030995,1733684,
4422,1732654,6080,150031019,1732654,
4253,1732370,5864,150031026,1734044,
3799,1732132,5169,150031029,1733800,
3919,1732060,5312,150031030,1732060,
4164,1731406,5720,150031034,1731404,
4441,1731392,6099,150031035,1731392,
3656,1731376,4961,150031037,1731098,
4158,1731096,5718,150031039,1731096,
4570,1713452,6268,150031153,1713452,
4357,1713196,6000,150031157,1713458,
4606,1705890,6317,150031203,1705890,
3944,1703336,5372,150031210,1703584,
3734,1702842,5070,150031215,1702304,
4633,1702754,6349,150031217,1702754,
4400,1702740,6048,150031218,1700576,
4619,1702732,6332,150031219,1702732,
4625,1702688,6341,150031220,1702688,
4224,1702684,5831,150031221,1702642,
4615,1702634,6330,150031222,1702634,
4397,1702542,6044,150031225,1702542,
3909,1702530,5295,150031227,1702552,
4617,1702528,6331,150031228,1702528,
4054,1702526,5566,150031229,1702526,
4392,1702500,6040,150031230,1702512,
4634,1702492,6353,150031231,1702492,
4629,1702416,6345,150031233,1702416,
3985,1702384,5460,150031235,1701692,
4067,1702372,5583,150031236,1702372,
4064,1702310,5573,150031238,1701912,
4387,1702296,6035,150031239,24894830,
4218,1702282,5817,150031240,1701760,
3567,1701980,4802,150031247,1702758,
4143,1701854,5693,150031251,1702298,
4060,1701752,5572,150031253,1702518,
4604,1701728,6314,150031255,1701728,
4058,1701716,5571,150031256,24894808,
4389,1701666,6036,150031258,1702558,
4383,1701662,6031,150031259,1702780,
4410,1701632,6062,150031260,1702700,
4238,1701482,5846,150031262,1701508,
4403,1700786,6052,150031264,1700692,
4147,1700684,5699,150031266,1700678,
4640,1700666,6362,150031267,1700666,
4601,1700650,6311,150031268,1700650,
4638,1700538,6358,150031269,1700538,
4636,1700486,6356,150031270,1700486,
4635,1700430,6354,150031274,1700430,
3885,1700214,5264,150031277,1700646,
4404,1700166,6053,150031279,1700654,
3981,1700078,5458,150031281,1700078,
3669,1699982,4981,150031283,1700452,
4603,1699852,6313,150031290,1699852,
3942,1699812,5365,150031292,1699844,
4648,1699098,6372,150031297,1699098,
4622,1699062,6333,150031298,1699062,
4371,1698846,6019,150031299,1698848,
4049,1698816,5562,150031302,1698816,
4237,1698814,5845,150031303,1698798,
4609,1698766,6321,150031304,1698766,
3030,1698700,4158,150031309,1698700,
4233,1698648,5844,150031310,1702398,
3905,1698646,5287,150031311,1698646,
3620,1698634,4913,150031312,1702340,
4526,3921,6230,150031678,3921,
4563,3915,6261,150031679,3915,
3884,931020015,5264,150031743,931020015,
4660,1743124,6398,150036549,1743124,
4691,1743112,6431,150036550,1743112,
4737,1743106,6492,150036551,1743106,
4728,1743096,6483,150036552,1743096,
4415,1743010,6068,150036555,1734274,
4658,1737252,6392,150036576,1737252,
4275,1737166,5894,150036577,1737164,
5188,1737046,7140,150036585,1737046,
4655,1737016,6387,150036587,1737016,
3516,1737008,4764,150036588,1737008,
4070,1736980,5587,150036591,1735996,
4727,1736958,6481,150036594,1736958,
4079,1736900,5605,150036598,1743084,
4657,1736852,6391,150036601,1736852,
3572,1736700,4805,150036605,1736726,
4736,1736668,6491,150036607,1736668,
4003,1736632,5497,150036608,1735898,
4279,1736574,5896,150036609,1736574,
4469,1736236,6132,150036619,1736200,
4084,1736062,5609,150036624,1736990,
4418,1735914,6073,150036627,1736878,
3650,1735866,4957,150036628,1736838,
4265,1735848,5882,150036629,1736870,
4242,1735802,5850,150036630,1736832,
4419,1735800,6077,150036631,1735798,
4723,1735780,6475,150036632,1735780,
3531,1735762,4778,150036633,1735762,
3995,1735678,5479,150036635,1736724,
4659,1734240,6397,150036655,1734240,
4706,1734234,6449,150036656,1734234,
4705,1734196,6448,150036657,1734196,
4667,1734118,6404,150036663,1734118,
4741,1734054,6495,150036666,1734054,
4703,1734002,6446,150036671,1734002,
4156,1733854,5714,150036681,1732134,
3799,1733828,5169,150036683,1733800,
4692,1733802,6432,150036686,1733802,
3919,1733710,5312,150036690,1732060,
4244,1733650,5854,150036694,1735570,
4253,1733428,5864,150036699,1734044,
4701,1733344,6444,150036702,1733344,
4422,1732730,6080,150036715,1732654,
4448,1732480,6107,150036722,1734086,
4444,1732202,6106,150036731,1733902,
4412,1732166,6066,150036733,1733862,
4436,1732114,6094,150036735,1732114,
4438,1732090,6095,150036736,1733734,
4256,1732026,5867,150036738,1733684,
4158,1731294,5718,150036745,1731096,
4164,1731134,5720,150036748,1731404,
4441,1731130,6099,150036749,1731392,
3656,1731082,4961,150036750,1731098,
4927,1715120,6771,150036936,1715120,
4926,1713464,6770,150036940,1713464,
4570,1713450,6268,150036941,1713452,
4891,1713446,6720,150036942,1713446,
4357,1713186,6000,150036947,1713458,
4634,1705892,6353,150037020,1702492,
4956,1703622,6828,150037025,1703622,
4955,1703616,6827,150037026,1703616,
4953,1703606,6826,150037028,1703606,
3944,1703582,5372,150037031,1703584,
4383,1703358,6031,150037037,1702780,
5001,1703322,6897,150037038,1703322,
4958,1702800,6833,150037049,1702800,
4951,1702782,6821,150037050,1702782,
4400,1702768,6048,150037051,1700576,
4964,1702724,6845,150037053,1702724,
4143,1702666,5693,150037057,1702298,
4949,1702598,6819,150037061,1702598,
4389,1702574,6036,150037065,1702558,
4636,1702572,6356,150037066,1700486,
4060,1702548,5572,150037069,1702518,
4938,1702464,6796,150037072,1702464,
4968,1702460,6851,150037073,1702460,
4606,1702454,6317,150037074,1705890,
4937,1702450,6795,150037075,1702450,
4936,1702446,6794,150037076,1702446,
4960,1702432,6837,150037078,1702432,
4218,1702420,5817,150037079,1701760,
4604,1702410,6314,150037081,1701728,
4628,1702406,6345,150037082,1702406,
3985,1702382,5460,150037085,1701692,
4067,1702370,5583,150037086,1702372,
4942,1702360,6803,150037087,1702360,
4064,1702320,5573,150037089,1701912,
4615,1702268,6330,150037090,1702634,
4224,1701830,5831,150037101,1702642,
3909,1701820,5295,150037102,1702552,
4625,1701800,6341,150037104,1702688,
4397,1701790,6044,150037105,1702542,
4058,1701702,5571,150037109,24894808,
4391,1701688,6040,150037110,1701688,
4619,1701620,6332,150037112,1702732,
4410,1701586,6062,150037114,1702700,
4238,1701490,5846,150037115,1701508,
4617,1701484,6331,150037116,1702528,
4054,1701474,5566,150037117,1702526,
4983,1700802,6875,150037120,1700802,
3669,1700792,4981,150037121,1700452,
4147,1700694,5699,150037122,1700678,
4985,1700686,6876,150037123,1700686,
4982,1700680,6873,150037124,1700680,
4404,1700648,6053,150037125,1700654,
4933,1700620,6790,150037126,1700620,
4997,1700612,6893,150037127,1700612,
4638,1700540,6358,150037130,1700538,
4969,1700472,6852,150037133,1700472,
4635,1700432,6354,150037136,1700430,
4929,1700406,6782,150037138,1700406,
4603,1700386,6313,150037140,1699852,
4995,1700216,6891,150037146,1700216,
4640,1700188,6362,150037147,1700666,
4601,1700142,6311,150037149,1700650,
4932,1700062,6788,150037150,1700062,
3942,1699784,5365,150037160,1699844,
4935,1699782,6792,150037161,1699782,
4621,1699056,6333,150037165,1699056,
4648,1699038,6372,150037166,1699098,
3904,1698924,5287,150037167,1698924,
4952,1698908,6823,150037169,1698908,
5003,1698906,6898,150037170,1698906,
4049,1698810,5562,150037173,1698816,
4943,1698796,6807,150037174,1698796,
3988,1698764,5461,150037175,1698764,
4232,1698624,5844,150037184,1698624,
4371,1698594,6019,150037186,1698848,
4236,1698540,5845,150037189,1698540,
4609,1698514,6321,150037191,1698766,
3030,1698504,4158,150037193,1698700,
4882,3993,6705,150037760,3993,
4883,3899,6706,150037764,3899,
4837,3887,6652,150037765,3887,
4563,3511,6261,150037781,3915,
4526,3217,6230,150037787,3921,
3883,931020014,5264,150037864,931020014,
4727,1743090,6481,150046405,1736958,
5103,1743048,7032,150046406,1743048,
5173,1737256,7123,150046448,1737256,
3995,1737244,5479,150046451,1736724,
4658,1737200,6392,150046452,1737252,
4469,1737142,6132,150046453,1736200,
4737,1737138,6492,150046454,1743106,
5018,1737116,6920,150046456,1737116,
5019,1737048,6921,150046463,1737048,
4728,1737024,6483,150046467,1743096,
4070,1736982,5587,150046472,1735996,
5022,1736974,6925,150046474,1736974,
5023,1736972,6926,150046475,1736972,
5024,1736954,6927,150046477,1736954,
4079,1736898,5605,150046479,1743084,
5031,1736872,6936,150046482,1736872,
5029,1736844,6933,150046483,1736844,
5188,1736660,7140,150046493,1737046,
4003,1736638,5497,150046495,1735898,
4265,1736618,5882,150046497,1736870,
5036,1736606,6942,150046498,1736606,
4275,1736352,5894,150046505,1737164,
5190,1736260,7142,150046515,1736260,
4177,1736206,5734,150046517,1736178,
5196,1736150,7151,150046520,1736150,
5197,1736120,7152,150046523,1736120,
4736,1736112,6491,150046524,1736668,
4084,1736090,5609,150046526,1736990,
4655,1736086,6387,150046527,1737016,
3516,1736082,4764,150046528,1737008,
5184,1735936,7136,150046538,1735936,
4417,1735934,6073,150046539,1735934,
5030,1735916,6934,150046540,1735916,
5782,1735894,7966,150046542,1735894,
5026,1735886,6929,150046543,1735886,
5034,1735884,6938,150046544,1735884,
3650,1735876,4957,150046545,1736838,
4657,1735864,6391,150046546,1736852,
5037,1735824,6943,150046547,1735824,
5157,1735820,7105,150046548,1735820,
4242,1735808,5850,150046549,1736832,
4723,1735752,6475,150046550,1735780,
5172,1735742,7122,150046551,1735742,
4279,1735654,5896,150046557,1736574,
3572,1735624,4805,150046559,1736726,
4659,1734238,6397,150046603,1734240,
4244,1734236,5854,150046604,1735570,
4706,1734230,6449,150046605,1734234,
4151,1734222,5705,150046606,1734226,
5125,1734220,7060,150046607,1734220,
4660,1734206,6398,150046609,1743124,
5045,1734176,6951,150046613,1734176,
4667,1734116,6404,150046617,1734118,
5204,1734058,7166,150046620,1734058,
4741,1734056,6495,150046621,1734054,
4703,1734004,6446,150046625,1734002,
4691,1733920,6431,150046632,1743112,
5086,1733890,7008,150046635,1733890,
3798,1733834,5169,150046640,1733834,
5087,1733822,7010,150046643,1733822,
5088,1733806,7011,150046644,1733806,
5089,1733804,7012,150046645,1733804,
5109,1733796,7040,150046646,1733796,
4438,1733732,6095,150046650,1733734,
5092,1733696,7018,150046653,1733696,
5093,1733668,7020,150046654,1733668,
5117,1733498,7052,150046674,1733498,
5114,1733382,7047,150046693,1733382,
4692,1733366,6432,150046697,1733802,
4412,1733362,6066,150046698,1733862,
4255,1733340,5867,150046702,1733340,
5203,1733338,7162,150046703,1733338,
4705,1732676,6448,150046727,1734196,
5124,1732662,7059,150046729,1732662,
5115,1732494,7050,150046739,1732494,
4447,1732434,6107,150046741,1732434,
4156,1732174,5714,150046760,1732134,
3999,1732128,5486,150046762,1733838,
4435,1732124,6094,150046763,1732124,
4415,1731974,6068,150046769,1734274,
5105,1731410,7035,150046776,1731410,
5096,1731386,7024,150046777,1731386,
4441,1731304,6099,150046785,1731392,
5016,1731160,6917,150046788,1731160,
5097,1731140,7025,150046790,1731140,
4164,1731138,5720,150046791,1731404,
5104,1731136,7034,150046792,1731136,
4158,1731086,5718,150046793,1731096,
3655,1731080,4961,150046794,1731080,
5094,1731078,7022,150046795,1731078,
4927,1713472,6771,150047194,1715120,
5618,1713466,7735,150047195,1713466,
4926,1713460,6770,150047196,1713464,
4891,1713444,6720,150047197,1713446,
4570,1713194,6268,150047207,1713452,
4357,1713184,6000,150047208,1713458,
4616,1705870,6331,150047341,1705870,
3944,1703564,5372,150047348,1703584,
4956,1703394,6828,150047355,1703622,
4955,1703392,6827,150047356,1703616,
4953,1703380,6826,150047357,1703606,
5688,1703348,7826,150047359,1703348,
4382,1703346,6031,150047360,1703346,
5671,1703056,7806,150047366,1703056,
5698,1702858,7836,150047371,1702858,
4400,1702790,6048,150047379,1700576,
5731,1702786,7883,150047380,1702786,
5682,1702774,7818,150047381,1702774,
5681,1702766,7817,150047382,1702766,
4951,1702756,6821,150047384,1702782,
5730,1702744,7882,150047385,1702744,
5700,1702730,7838,150047386,1702730,
5715,1702698,7862,150047388,1702698,
5680,1702692,7816,150047389,1702692,
4224,1702682,5831,150047390,1702642,
5763,1702662,7927,150047391,1702662,
5704,1702654,7843,150047392,1702654,
5679,1702650,7815,150047393,1702650,
4389,1702576,6036,150047395,1702558,
5718,1702562,7864,150047396,1702562,
5705,1702522,7844,150047398,1702522,
3909,1702520,5295,150047399,1702552,
5672,1702516,7807,150047400,1702516,
5711,1702498,7852,150047401,1702498,
4391,1702496,6040,150047402,1701688,
5710,1702484,7851,150047403,1702484,
5670,1702442,7805,150047404,1702442,
5709,1702408,7850,150047406,1702408,
5706,1702402,7845,150047407,1702402,
5656,1702376,7787,150047409,1702376,
5673,1702258,7808,150047415,1702258,
4067,1702256,5583,150047416,1702372,
5676,1702240,7811,150047417,1702240,
4964,1701874,6845,150047445,1702724,
4636,1701872,6356,150047446,1700486,
4143,1701850,5693,150047449,1702298,
4625,1701804,6341,150047455,1702688,
4634,1701802,6353,150047456,1702492,
5703,1701798,7841,150047457,1701798,
4396,1701796,6044,150047458,1701796,
4968,1701778,6851,150047462,1702460,
4606,1701764,6317,150047465,1705890,
4936,1701750,6794,150047466,1702446,
4937,1701748,6795,150047467,1702450,
4060,1701744,5572,150047469,1702518,
4218,1701742,5817,150047470,1701760,
4958,1701736,6833,150047471,1702800,
4604,1701732,6314,150047472,1701728,
4938,1701722,6796,150047473,1702464,
4058,1701698,5571,150047476,24894808,
3985,1701664,5460,150047479,1701692,
4949,1701644,6819,150047482,1702598,
4615,1701624,6330,150047483,1702634,
4960,1701556,6837,150047487,1702432,
5769,1701552,7934,150047488,1701552,
5677,1701544,7813,150047489,1701544,
4627,1701528,6345,150047491,1701528,
4942,1701520,6803,150047493,1702360,
5652,1701516,7779,150047494,1701516,
4618,1701506,6332,150047495,1701506,
4238,1701496,5846,150047496,1701508,
5633,1701476,7756,150047498,1701476,
5738,1700702,7892,150047505,1700702,
5735,1700698,7886,150047506,1700698,
5737,1700690,7889,150047507,1700690,
4984,1700688,6876,150047508,1700688,
4639,1700676,6362,150047509,1700676,
4404,1700644,6053,150047510,1700654,
4996,1700638,6892,150047511,1700636,
5736,1700632,7887,150047512,1700632,
4601,1700602,6311,150047513,1700650,
5640,1700592,7765,150047514,1700592,
5759,1700588,7918,150047516,1700588,
5639,1700570,7764,150047517,1700570,
5642,1700564,7767,150047518,1700564,
5638,1700550,7762,150047519,1700550,
4638,1700544,6358,150047520,1700538,
4932,1700496,6788,150047521,1700062,
5645,1700422,7770,150047524,1700422,
3980,1700356,5458,150047528,1700356,
3669,1700350,4981,150047530,1700452,
5757,1700222,7916,150047532,1700222,
4147,1700202,5699,150047533,1700678,
4997,1700196,6893,150047534,1700612,
4983,1700194,6875,150047535,1700802,
4402,1700192,6052,150047536,1700192,
4982,1700154,6873,150047537,1700680,
4933,1700092,6790,150047540,1700620,
4969,1699986,6852,150047550,1700472,
4635,1699944,6354,150047556,1700430,
4929,1699854,6782,150047567,1700406,
4602,1699846,6313,150047569,1699846,
5650,1699810,7776,150047571,1699810,
3942,1699776,5365,150047575,1699844,
5000,1699086,6897,150047584,1699086,
5687,1699066,7825,150047585,1699066,
4621,1699050,6333,150047587,1699056,
5765,1699048,7928,150047588,1699048,
4647,1699040,6372,150047589,1699040,
3030,1699022,4158,150047590,1698700,
5686,1698902,7824,150047591,1698902,
5683,1698898,7821,150047592,1698898,
5762,1698888,7925,150047594,1698888,
5685,1698878,7823,150047595,1698878,
4371,1698870,6019,150047596,1698848,
5669,1698862,7804,150047598,1698862,
5658,1698844,7789,150047599,1698844,
5663,1698824,7794,150047601,1698824,
5659,1698812,7790,150047604,1698812,
4049,1698808,5562,150047605,1698816,
5661,1698804,7791,150047606,1698804,
5664,1698800,7795,150047607,1698800,
5665,1698788,7796,150047608,1698788,
4943,1698704,6807,150047612,1698796,
4053,1698644,5566,150047615,1698644,
4232,1698618,5844,150047617,1698624,
3904,1698612,5287,150047618,1698924,
4952,1698564,6823,150047623,1698908,
5003,1698548,6898,150047624,1698906,
4526,6129,6230,150048672,3921,
4562,5545,6261,150048695,5545,
5532,4005,7612,150048707,4005,
5530,3893,7610,150048718,3893,
4837,3885,6652,150048719,3887,
4883,3503,6706,150048743,3899,
4882,3189,6705,150048757,3993,
3669,24894820,4981,150049083,1700452,
5197,1737192,7152,150063855,1736120,
3516,1737188,4764,150063857,1737008,
5030,1737180,6934,150063861,1735916,
4658,1737178,6392,150063862,1737252,
5034,1737176,6938,150063863,1735884,
3650,1737174,4957,150063864,1736838,
3572,1737170,4805,150063866,1736726,
6044,1736664,8340,150063871,1736664,
6020,1736652,8307,150063873,1736652,
5994,1736646,8271,150063874,1736646,
5784,1736630,7968,150063876,1736630,
5789,1736616,7976,150063879,1736616,
5037,1736614,6943,150063880,1735824,
5958,1736612,8229,150063881,1736612,
4264,1736608,5882,150063882,1736608,
4419,1736604,6077,150063883,1735798,
3995,1736572,5479,150063889,1736724,
5990,1736566,8266,150063890,1736566,
4275,1736382,5894,150063904,1737164,
4469,1736280,6132,150063925,1736200,
4177,1736264,5734,150063931,1736178,
4737,1736256,6492,150063933,1743106,
5018,1736234,6920,150063936,1737116,
5019,1736144,6921,150063948,1737048,
6043,1736138,8339,150063949,1736138,
5778,1736104,7958,150063956,1736104,
5196,1736094,7151,150063960,1736150,
4084,1736092,5609,150063961,1736990,
4655,1736084,6387,150063963,1737016,
4728,1736076,6483,150063965,1743096,
4070,1736066,5587,150063968,1735996,
6019,1736058,8306,150063969,1736058,
5022,1736034,6925,150063975,1736974,
5023,1736008,6926,150063979,1736972,
5024,1735984,6927,150063984,1736954,
5779,1735980,7960,150063986,1735980,
4727,1735962,6481,150063992,1736958,
4003,1735954,5497,150063995,1735898,
5173,1735948,7123,150063997,1737256,
4417,1735946,6073,150063998,1735934,
5031,1735940,6936,150064000,1736872,
4079,1735924,5605,150064003,1743084,
5184,1735918,7136,150064005,1735936,
5788,1735908,7973,150064007,1735908,
5025,1735890,6929,150064009,1735890,
4657,1735882,6391,150064010,1736852,
4242,1735872,5850,150064011,1736832,
5029,1735858,6933,150064012,1736844,
5960,1735846,8231,150064016,1735846,
5961,1735832,8232,150064020,1735832,
5036,1735828,6942,150064021,1736606,
5156,1735816,7105,150064024,1735816,
5791,1735776,7979,150064030,1735776,
5962,1735768,8234,150064032,1735768,
4723,1735766,6475,150064033,1735780,
5795,1735760,7985,150064034,1735760,
5172,1735736,7122,150064040,1735742,
5963,1735734,8236,150064041,1735734,
5796,1735728,7986,150064042,1735728,
4279,1735644,5896,150064061,1736574,
4741,1733526,6495,150064158,1734054,
5905,1733512,8152,150064161,1733512,
4444,1733380,6106,150064176,1733902,
4692,1733368,6432,150064177,1733802,
4244,1732896,5854,150064199,1735570,
4659,1732894,6397,150064200,1734240,
4706,1732838,6449,150064214,1734234,
4151,1732820,5705,150064218,1734226,
5125,1732802,7060,150064221,1734220,
5045,1732750,6951,150064230,1734176,
4660,1732714,6398,150064238,1743124,
4705,1732644,6448,150064255,1734196,
5124,1732608,7059,150064263,1732662,
4667,1732558,6404,150064272,1734118,
5117,1732518,7052,150064281,1733498,
5115,1732476,7050,150064291,1732494,
5204,1732436,7166,150064305,1734058,
4447,1732340,6107,150064331,1732434,
4703,1732334,6446,150064333,1734002,
4252,1732304,5864,150064342,1732304,
4691,1732248,6431,150064354,1743112,
5086,1732228,7008,150064359,1733890,
5114,1732214,7047,150064364,1733382,
4156,1732210,5714,150064366,1732134,
3798,1732204,5169,150064369,1733834,
3999,1732164,5486,150064377,1733838,
5089,1732162,7012,150064378,1733804,
4412,1732146,6066,150064384,1733862,
5087,1732136,7010,150064387,1733822,
4435,1732130,6094,150064388,1732124,
5088,1732120,7011,150064390,1733806,
5853,1732118,8082,150064391,1732118,
5109,1732108,7040,150064393,1733796,
4254,1732096,5867,150064396,1732096,
4438,1732088,6095,150064397,1733734,
5203,1732058,7162,150064402,1733338,
5092,1732036,7018,150064408,1733696,
5855,1732034,8087,150064409,1732034,
5093,1731994,7020,150064417,1733668,
4414,1731992,6068,150064418,1731992,
4163,1731328,5720,150064425,1731328,
5105,1731326,7035,150064426,1731410,
5104,1731324,7034,150064427,1731136,
5866,1731322,8101,150064428,1731322,
5864,1731312,8098,150064431,1731312,
5103,1731310,7032,150064432,1743048,
5862,1731296,8095,150064435,1731296,
5016,1731158,6917,150064447,1731160,
5878,1731152,8115,150064449,1731152,
5857,1731148,8090,150064450,1731148,
5097,1731144,7025,150064451,1731140,
5096,1731128,7024,150064452,1731386,
5868,1731126,8103,150064453,1731126,
5867,1731116,8102,150064455,1731116,
4440,1731114,6099,150064456,1731114,
5858,1731100,8091,150064457,1731100,
5859,1731090,8092,150064459,1731090,
5094,1731076,7022,150064460,1731078,
3655,1731068,4961,150064463,1731080,
3883,1717807,5264,150064986,931020014,
4891,1713324,6720,150065016,1713446,
4356,1713322,6000,150065017,1713322,
4927,1713202,6771,150065021,1715120,
5618,1713200,7735,150065022,1713466,
4926,1713198,6770,150065023,1713464,
4570,1713192,6268,150065024,1713452,
6436,1713188,9014,150065026,1713188,
6438,1713182,9016,150065027,1713182,
6437,1713180,9015,150065028,1713180,
4953,1703668,6826,150065257,1703606,
4956,1703666,6828,150065258,1703622,
4955,1703664,6827,150065259,1703616,
5688,1703662,7826,150065260,1703348,
4382,1703654,6031,150065264,1703346,
3944,1703652,5372,150065265,1703584,
6491,1703320,9130,150065278,1703320,
4958,1703026,6833,150065292,1702800,
4964,1703014,6845,150065298,1702724,
4625,1703010,6341,150065300,1702688,
5703,1702996,7841,150065307,1701798,
4143,1702982,5693,150065314,1702298,
4636,1702962,6356,150065324,1700486,
5769,1702960,7934,150065325,1701552,
4060,1702952,5572,150065329,1702518,
4396,1702950,6044,150065330,1701796,
4634,1702948,6353,150065331,1702492,
4968,1702946,6851,150065332,1702460,
5676,1702944,7811,150065333,1702240,
4937,1702938,6795,150065336,1702450,
4938,1702936,6796,150065337,1702464,
4606,1702934,6317,150065338,1705890,
4218,1702932,5817,150065339,1701760,
4604,1702926,6314,150065342,1701728,
4067,1702918,5583,150065346,1702372,
3985,1702916,5460,150065347,1701692,
5652,1702912,7779,150065349,1701516,
5730,1702326,7882,150065352,1702744,
5715,1702294,7862,150065356,1702698,
5717,1702290,7864,150065357,1702290,
5763,1702288,7927,150065358,1702662,
5704,1702284,7843,150065359,1702654,
5705,1702270,7844,150065360,1702522,
4960,1702264,6837,150065361,1702432,
4949,1702262,6819,150065362,1702598,
6508,1702252,9163,150065363,1702252,
5670,1702250,7805,150065364,1702442,
6484,1702234,9121,150065366,1702234,
4400,1702046,6048,150065378,1700576,
5731,1702034,7883,150065382,1702786,
6518,1701900,9186,150065397,1701900,
6505,1701858,9155,150065400,1701858,
5699,1701834,7838,150065402,1701834,
3909,1701818,5295,150065404,1702552,
4224,1701812,5831,150065405,1702642,
6519,1701808,9189,150065406,1701808,
5698,1701786,7836,150065408,1702858,
6511,1701770,9173,150065410,1701770,
4936,1701720,6794,150065412,1702446,
6460,1701706,9074,150065414,1701706,
4391,1701700,6040,150065415,1701688,
4058,1701694,5571,150065417,24894808,
5710,1701684,7851,150065418,1702484,
4389,1701682,6036,150065419,1702558,
5711,1701678,7852,150065420,1702498,
5681,1701676,7817,150065421,1702766,
4951,1701660,6821,150065422,1702782,
5682,1701656,7818,150065423,1702774,
6498,1701638,9138,150065425,1701638,
5672,1701628,7807,150065428,1702516,
5680,1701626,7816,150065429,1702692,
6453,1701614,9066,150065432,1701614,
6459,1701608,9073,150065433,1701608,
6485,1701602,9122,150065434,1701602,
4614,1701600,6330,150065435,1701600,
5671,1701596,7806,150065436,1703056,
5678,1701588,7815,150065437,1701588,
6488,1701584,9127,150065438,1701584,
5656,1701582,7787,150065439,1702376,
5709,1701578,7850,150065440,1702408,
6479,1701560,9112,150065443,1701560,
5673,1701558,7808,150065444,1702258,
5706,1701554,7845,150065445,1702402,
4409,1701550,6062,150065446,1701550,
6457,1701538,9071,150065449,1701538,
5677,1701530,7813,150065452,1701544,
4942,1701514,6803,150065455,1702360,
6458,1701512,9072,150065456,1701512,
4627,1701500,6345,150065458,1701528,
6509,1701498,9167,150065459,1701498,
6455,1701492,9069,150065460,1701492,
4618,1701470,6332,150065462,1701506,
5633,1701452,7756,150065465,1701476,
4935,1700784,6792,150065466,1699782,
4147,1700780,5699,150065468,1700678,
4983,1700778,6875,150065469,1700802,
5757,1700776,7916,150065470,1700222,
4982,1700774,6873,150065471,1700680,
4933,1700772,6790,150065472,1700620,
4969,1700764,6852,150065476,1700472,
4635,1700760,6354,150065478,1700430,
4995,1700240,6891,150065500,1700216,
4402,1700228,6052,150065502,1700192,
5738,1700226,7892,150065503,1700702,
4997,1700220,6893,150065504,1700612,
4984,1700218,6876,150065505,1700688,
6569,1700212,9266,150065506,1700212,
4639,1700208,6362,150065507,1700676,
4996,1700198,6892,150065510,1700636,
4404,1700184,6053,150065511,1700654,
5759,1700180,7918,150065512,1700588,
5735,1700164,7886,150065513,1700698,
5737,1700156,7889,150065515,1700690,
5640,1700152,7765,150065516,1700592,
5736,1700146,7887,150065517,1700632,
4364,1700144,6008,150065518,1700114,
4601,1700132,6311,150065519,1700650,
5639,1700128,7764,150065520,1700570,
5638,1700086,7762,150065526,1700550,
6445,1700080,9051,150065527,1700080,
5641,1700072,7767,150065528,1700072,
4932,1700056,6788,150065530,1700062,
4637,1700036,6358,150065532,1700036,
5645,1699956,7770,150065542,1700422,
4602,1699842,6313,150065554,1699846,
6452,1699778,9064,150065567,1699778,
3942,1699772,5365,150065568,1699844,
5650,1699768,7776,150065570,1699810,
4238,1699658,5846,150065595,1701508,
5000,1699118,6897,150065597,1699086,
5687,1699116,7825,150065598,1699066,
6492,1699074,9131,150065602,1699074,
6497,1699068,9137,150065603,1699068,
6496,1699042,9136,150065606,1699042,
5002,1699028,6898,150065611,1699028,
3029,1699026,4158,150065612,1699026,
6495,1699020,9135,150065614,1699020,
4053,1698948,5566,150065615,1698644,
4232,1698942,5844,150065618,1698624,
4943,1698936,6807,150065621,1698796,
3903,1698726,5287,150065627,1698726,
5762,1698722,7925,150065628,1698888,
5668,1698716,7804,150065631,1698716,
5685,1698702,7823,150065634,1698878,
5665,1698698,7796,150065635,1698788,
4616,1698642,6331,150065641,1705870,
6573,1698630,9278,150065644,1698630,
6572,1698628,9277,150065645,1698628,
6576,1698626,9290,150065646,1698626,
6478,1698620,9111,150065648,1698620,
4371,1698614,6019,150065650,1698848,
6483,1698610,9120,150065651,1698610,
5764,1698596,7928,150065654,1698596,
5658,1698592,7789,150065655,1698844,
5659,1698590,7790,150065656,1698812,
6494,1698588,9133,150065657,1698588,
4952,1698566,6823,150065663,1698908,
5662,1698552,7794,150065668,1698552,
5683,1698550,7821,150065669,1698898,
5686,1698546,7824,150065670,1698902,
5664,1698520,7795,150065671,1698800,
4526,5999,6230,150067589,3921,
4882,3951,6705,150067634,3993,
4837,3509,6652,150067650,3887,
5530,3501,7610,150067651,3893,
5532,3207,7612,150067692,4005,
6340,3181,8841,150067696,3181,
4883,3179,6706,150067697,3899,
3090,1731408.1,4158,,1731414,
3090,1731408.2,4158,,1731414,
3154,1731416.1,4231,,1743130,
3154,1731416.2,4231,,1743130,
3178,1713454.1,4277,,1713454.1,01029500
3179,1713454.2,4277,,1713456,01029500
3362,1736588.1,4560,,1735754,
3363,1736588.2,4560,,1735746,
3534,1736600.1,4778,,1736600.1,
4048,1698718.2,5562,,1698718.2,
5761,1699058.2,7922,,1699058.2,
3535,1736600.2,4778,,1737268,
